id,eje,subfila_de,indicador,escala,base_anio,base_anio_texto,base_valor,meta_2015,meta_2020,meta_2025,meta_2030,anios_sin_meta_numerica
1.1,1,,Confianza en los partidos políticos,numerica,2010,,22.2,24.7,27.1,33.6,40.1,
1.2,1,,Índice de percepción de la corrupción (IPC),numerica,2010,,3.0,3.9,4.8,5.9,7.0,
1.3,1,,Índice de fortaleza institucional,numerica,2010,,3.2,3.6,4.0,4.5,5.0,
1.4,1,,Índice de desarrollo burocrático,numerica,2006,,0.38,0.54,0.7,0.8,0.9,
1.5,1,,Tasa de solución de casos Sistema Judicial,sin_meta,,,,,,,,
1.5·Juzgados de la Instrucción,1,1.5,Juzgados de la Instrucción,numerica,2009,,75.0,80.5,85.0,90.0,95.0,
1.5·Juzgados 1ra. Instancia,1,1.5,Juzgados 1ra. Instancia,numerica,2009,,83.0,86.3,89.0,92.0,95.0,
1.5·Cortes de apelación penal,1,1.5,Cortes de apelación penal,numerica,2009,,67.0,74.1,80.0,85.0,90.0,
1.6,1,,Efectividad general de la acusación Sistema Judicial,sin_meta,,,,,,,,
1.6·Juzgados de la Instrucción,1,1.6,Juzgados de la Instrucción,numerica,2009,,79.0,82.3,85.0,87.5,90.0,
1.6·Juzgados 1ra. Instancia,1,1.6,Juzgados 1ra. Instancia,numerica,2009,,74.0,78.4,82.0,86.0,90.0,
1.7,1,,Tiempo duración procesos judiciales,redactada,,,,,Se cumple con tiempos establecidos legalmente,Se cumple con tiempos establecidos legalmente,Se cumple con tiempos establecidos legalmente,2015
1.8,1,,Tasa de homicidios,numerica,2008,,24.8,20.0,15.0,10.0,4.0,
2.1,2,,Porcentaje de población bajo la línea de pobreza extrema nacional,numerica,2010,,10.1,7.6,5.0,3.5,2.0,
2.1·Masculino,2,2.1,Masculino,sin_meta,2010,,9.5,,,,,
2.1·Femenino,2,2.1,Femenino,sin_meta,2010,,10.8,,,,,
2.2,2,,Número de regiones con porcentaje de población bajo la línea de pobreza extrema nacional mayor que 5%,numerica,2010,,10.0,8.0,6.0,3.0,0.0,
2.3,2,,Porcentaje de población rural bajo la línea de pobreza extrema nacional,numerica,2010,,16.9,12.9,9.0,7.0,5.0,
2.3·Masculino,2,2.3,Masculino,sin_meta,2010,,15.6,,,,,
2.3·Femenino,2,2.3,Femenino,sin_meta,2010,,18.4,,,,,
2.4,2,,Porcentaje de población por debajo de la línea de pobreza moderada nacional,numerica,2010,,33.8,27.1,22.5,18.7,15.4,
2.4·Masculino,2,2.4,Masculino,sin_meta,2010,,32.4,,,,,
2.4·Femenino,2,2.4,Femenino,sin_meta,2010,,35.2,,,,,
2.5,2,,Número de regiones con porcentaje de población por debajo de la línea de pobreza moderada mayor que 20%,numerica,2010,,10.0,9.0,8.0,4.0,0.0,
2.6,2,,Porcentaje de población rural bajo la línea de pobreza moderada,numerica,2010,,46.8,36.6,26.5,23.3,20.0,
2.6·Masculino,2,2.6,Masculino,sin_meta,2010,,44.6,,,,,
2.6·Femenino,2,2.6,Femenino,sin_meta,2010,,49.1,,,,,
2.7,2,,Índice de GINI,numerica,2010,,0.49,0.485,0.46,0.44,0.42,
2.8,2,,Tasa neta de cobertura educación nivel inicial (sin matrícula de 3 y 4 años en línea de base),numerica,2010,,32.6,66.3,100.0,100.0,100.0,
2.8·Masculino,2,2.8,Masculino,sin_meta,2010,,33.6,,,,,
2.8·Femenino,2,2.8,Femenino,sin_meta,2010,,31.5,,,,,
2.9,2,,Tasa neta de cobertura educación nivel básica,numerica,2010,,94.7,97.3,100.0,100.0,100.0,
2.9·Masculino,2,2.9,Masculino,sin_meta,2010,,94.7,,,,,
2.9·Femenino,2,2.9,Femenino,sin_meta,2010,,94.7,,,,,
2.10,2,,Tasa neta de cobertura educación nivel secundaria,numerica,2010,,51.7,64.3,77.0,86.0,95.0,
2.10·Masculino,2,2.10,Masculino,sin_meta,2010,,47.3,,,,,
2.10·Femenino,2,2.10,Femenino,sin_meta,2010,,56.5,,,,,
2.11,2,,Porcentaje de la PEA de 15 años y más asistiendo a programas de capacitación laboral,numerica,2010,,7.6,10.0,13.0,17.5,23.0,
2.12,2,,Promedio de los puntajes de los estudiantes de 6to grado de primaria en la prueba de lectura LLECE/UNESCO,redactada,2005,,421.0,Pertenecer al nivel II,Pertenecer al nivel II Con un puntaje promedio > 484,Pertenecer al nivel III,Pertenecer al nivel III Con un puntaje promedio > 557,
2.13,2,,Promedio de los puntajes de los estudiantes de 3er grado de primaria en la prueba de lectura LLECE/UNESCO,redactada,2006,,395.0,Pertenecer al nivel II,Pertenecer al nivel II Con un puntaje promedio > 500,Pertenecer al nivel III,Pertenecer al nivel III Con un puntaje promedio > 600,
2.14,2,,Promedio de los puntajes de los estudiantes de 6to grado de primaria en la prueba de matemática LLECE/UNESCO,redactada,2006,,415.0,Pertenecer al nivel II Con un puntaje promedio > 445,Pertenecer al nivel II Con un puntaje promedio > 490,Pertenecer al nivel III,Pertenecer al nivel III Con un puntaje promedio > 560,
2.15,2,,Promedio de los puntajes de los estudiantes de 3er grado de primaria en la prueba de matemática LLECE/UNESCO,redactada,2006,,395.0,Pertenecer al nivel I Con un puntaje promedio > 435,Pertenecer al nivel II,Pertenecer al nivel II Con un puntaje promedio > 480,Pertenecer al nivel III,
2.16,2,,Promedio de los puntajes de los estudiantes de 6to grado de primaria en la prueba de en ciencias LLECE/UNESCO,redactada,2006,,426.0,Pertenecer al nivel II,Pertenecer al nivel II Con un puntaje promedio > 525,Pertenecer al nivel III,Pertenecer al nivel III Con un puntaje promedio > 650,
2.17,2,,"Porcentaje de alumnos situados en o por debajo del nivel II de rendimiento en pruebas LLECE de 6to. grado para lectura, matemáticas y ciencias",redactada,2006,,Matemáticas: 92.9,Matemáticas : 85.8,Matemáticas : 73.0,Matemáticas : 63.0,Matemáticas : 53.0,
2.18,2,,Número medio de años de escolaridad de la población de 25 a 39 años,numerica,2010,,9.4,10.0,10.6,11.3,12.0,
2.18·Masculino,2,2.18,Masculino,sin_meta,2010,,8.8,,,,,
2.18·Femenino,2,2.18,Femenino,sin_meta,2010,,10.0,,,,,
2.19,2,,Tasa de analfabetismo población de 15 años y más,umbral,2010,,10.5,< 4,< 4,< 4,< 4,
2.19·Masculino,2,2.19,Masculino,sin_meta,2010,,10.6,,,,,
2.19·Femenino,2,2.19,Femenino,sin_meta,2010,,10.3,,,,,
2.20,2,,Gasto público en educación como % del PIB,numerica,2009,,2.2,5.0,6.0,6.5,7.0,
2.21,2,,Esperanza de vida al nacer,numerica,,2005- 2010,72.4,74.6,77.0,78.5,80.0,
2.21·Masculino,2,2.21,Masculino,sin_meta,,2005- 2010,69.1,,,,,
2.21·Femenino,2,2.21,Femenino,sin_meta,,2005-,75.5,,,,,
2.22,2,,Tasa de mortalidad menores de 5 años,numerica,,2002- 2007,36.0,24.0,18.0,14.5,11.0,
2.22·Masculino,2,2.22,Masculino,sin_meta,,1997- 2007,40.0,,,,,
2.22·Femenino,2,2.22,Femenino,sin_meta,,1997- 2007,34.0,,,,,
2.23,2,,Tasa de mortalidad materna,numerica,,1997- 2007,159.0,96.2,72.0,51.5,31.0,
2.24,2,,Tasa de mortalidad asociada a malaria,numerica,2010,,0.14,0.1,0.0,0.0,0.0,
2.24·Masculino,2,2.24,Masculino,sin_meta,2010,,0.1,,,,,
2.24·Femenino,2,2.24,Femenino,sin_meta,2010,,0.18,,,,,
2.25,2,,Tasa de mortalidad asociada a tuberculosis,numerica,2009,,1.2,0.5,0.0,0.0,0.0,
2.25·Masculino,2,2.25,Masculino,sin_meta,2009,,1.5,,,,,
2.25·Femenino,2,2.25,Femenino,sin_meta,2009,,0.8,,,,,
2.26,2,,Tasa de letalidad asociada al dengue,umbral,2010,,4.4,4.4,< 2.0,< 2.0,< 2.0,
2.26·Masculino,2,2.26,Masculino,sin_meta,2010,,3.0,,,,,
2.26·Femenino,2,2.26,Femenino,sin_meta,2010,,5.9,,,,,
2.27,2,,Proporción de la población que no alcanza el mínimo de energía alimentaria,numerica,2005,,21.0,16.0,13.5,6.8,0.0,
2.28,2,,Tasa de desnutrición global en menores de 5 años (peso/edad),numerica,2007,,3.1,0.0,0.0,0.0,0.0,
2.29,2,,Tasa de desnutrición aguda en menores de 5 años (peso/talla),numerica,2007,,2.2,0.0,0.0,0.0,0.0,
2.30,2,,Tasa de desnutrición crónica en menores de 5 años (talla/edad),numerica,2007,,9.8,6.0,1.5,0.0,0.0,
2.31,2,,Niños(as) hijos (as) de madres VIH positivas que resultan ser positivos al testearse,numerica,2010,,10.0,5.5,1.0,1.0,1.0,
2.32,2,,Proporción de la población portadora de VIH con infección avanzada que tiene acceso a medicamentos antirretrovirales (ARV),numerica,2009,,71.0,85.0,90.0,95.0,100.0,
2.33,2,,Gasto público en salud como % del Producto Interno Bruto (PIB),numerica,2009,,1.4,2.8,4.0,4.5,5.0,
2.34,2,,Porcentaje de la población con acceso a servicios sanitarios mejorados,numerica,2007,,82.7,88.0,92.0,96.0,100.0,
2.35,2,,Porcentaje de la población con acceso a agua de la red pública dentro o fuera de la vivienda,numerica,2007,,86.1,97.2,100.0,100.0,100.0,
2.36,2,,Porcentaje de población protegida por el Seguro de Salud,redactada,2010,,42.4,100 al 2016,100.0,100.0,100.0,
2.36·Masculino,2,2.36,Masculino,sin_meta,2010,,44.8,,,,,
2.36·Femenino,2,2.36,Femenino,sin_meta,2010,,43.6,,,,,
2.37,2,,Tasa de desocupación,numerica,2010,,14.3,11.0,7.6,7.0,6.4,
2.37·Masculino,2,2.37,Masculino,sin_meta,2010,,9.8,,,,,
2.37·Femenino,2,2.37,Femenino,sin_meta,2010,,21.4,,,,,
2.38,2,,Brecha regional de la tasa de desocupación ampliada,umbral,2010,,6.4,5.7,<5,<5,<5,
2.39,2,,Porcentaje de población ocupada en el sector formal (15 años y más),numerica,2010,,43.7,46.9,50.0,55.0,60.0,
2.39·Masculino,2,2.39,Masculino,sin_meta,2010,,40.3,,,,,
2.39·Femenino,2,2.39,Femenino,sin_meta,2010,,49.8,,,,,
2.40,2,,Brecha de género en ingreso laboral,numerica,2010,,0.95,0.98,1.0,1.0,1.0,
2.41,2,,"Brecha en tasa de ocupación femenina/masculin a (tasa ocupación femenina/tasa ocupación masculina, 15 años y más)",numerica,2010,,0.55,0.65,0.75,0.85,0.95,
2.42,2,,Brecha en tasa de desocupación femenina/masculin a (tasa de desocupación femenina/tasa de desocupación masculina),numerica,2010,,2.18,1.84,1.5,1.25,1.0,
2.43,2,,Porcentaje de mujeres en cargos electivos: Senado,numerica,2010,,9.4,21.2,33.0,41.5,50.0,
2.44,2,,Porcentaje de mujeres en cargos electivos: Cámara de Diputados,numerica,2010,,20.8,26.9,33.0,41.5,50.0,
2.45,2,,Porcentaje de mujeres en cargos electivos: Síndicas,numerica,2010,,7.7,20.35,33.0,41.5,50.0,
2.46,2,,Porcentaje de mujeres en cargos electivos: Regidoras,numerica,2010,,35.0,33.15,33.0,41.5,50.0,
2.47,2,,Porcentaje de niños y niñas de 6 a 14 años que trabajan,numerica,2010,,1.5,0.75,0.0,0.0,0.0,
2.47·Masculino,2,2.47,Masculino,sin_meta,2010,,2.3,,,,,
2.47·Femenino,2,2.47,Femenino,sin_meta,2010,,0.7,,,,,
2.48,2,,Porcentaje de jóvenes de 15 a 19 años que no estudian y están desempleados,numerica,2010,,6.0,4.4,2.8,2.15,1.5,
2.48·Masculino,2,2.48,Masculino,sin_meta,2010,,5.7,,,,,
2.48·Femenino,2,2.48,Femenino,sin_meta,2010,,6.3,,,,,
3.1,3,,"Indicador de perspectiva plurianual en materia de planificación fiscal, política del gasto y presupuestación (PEFA ID-12)",ordinal,2007,,D,B,B+,A-,A,
3.2,3,,Eficacia en materia de recaudación de impuestos (PEFA ID-15),ordinal,2007,,B,B+,A,A,A,
3.3,3,,"Competencia, precio razonable y controles en materia de adquisiciones (PEFA ID-19)",ordinal,2007,,D+,C+,B,B+,A,
3.4,3,,Eficacia de la auditoría interna (PEFA ID-21),ordinal,2007,,D,C+,B,B+,A,
3.5,3,,Calidad y puntualidad de los informes presupuestarios del ejercicio en curso (PEFA ID-24),ordinal,2007,,D+,B,B+,A,A+,
3.6,3,,Escrutinio legislativo de la ley de presupuesto anual (PEFA ID-27),ordinal,2007,,D+,B,B+,A,A+,
3.7,3,,Escrutinio legislativo de los estados financieros anuales,ordinal,2007,,D,B,B+,A,A+,
3.8,3,,Previsibilidad del apoyo presupuestario directo (PEFA D-1),ordinal,2007,,B,B+,A,A,A+,
3.9,3,,Índice global de competitividad,numerica,2010,,3.9,4.2,4.4,4.7,5.0,
3.10,3,,Tasa neta de matrícula nivel superior (población 18-24 años),numerica,2010,,24.8,29.2,33.5,43.5,53.5,
3.10·Masculino,3,3.10,Masculino,sin_meta,2010,,19.3,,,,,
3.10·Femenino,3,3.10,Femenino,sin_meta,2010,,30.5,,,,,
3.11,3,,Número de instituciones de educación superior acreditadas a nivel internacional o por entidades acreditadoras nacionales legalmente reconocidas a nivel internacional y aceptadas por el MESCyT,numerica,2010,,0.0,4.0,8.0,14.0,20.0,
3.12,3,,Número de programas de educación superior acreditados a nivel internacional o por entidades acreditadoras nacionales legalmente reconocidas a nivel internacional y aceptadas por el MESCyT,numerica,2010,,0.0,8.0,15.0,33.0,50.0,
3.13,3,,Usuarios de internet,numerica,2009,,26.8,39.5,50.0,60.0,70.0,
3.14,3,,Número de patentes registradas,numerica,,Promedio 2006- 2008,1.3,3.1,4.3,7.0,9.7,
3.15,3,,Índice de infraestructura,numerica,2008,,3.0,3.9,4.5,5.3,6.0,
3.16,3,,Índice general de Reporte de Viajes y Turismo (WEF),numerica,2009,,4.0,4.2,4.3,4.4,4.5,
3.17,3,,Índice general del Reporte de Viajes y Turismo (WEF): pilar sostenibilidad ambiental,numerica,2009,,4.0,4.6,5.1,5.7,6.3,
3.18,3,,Participación % exportaciones dominicanas en exportaciones mundiales de bienes,numerica,,Promedio 2006- 2008,0.049,0.08,0.1,0.135,0.17,
3.19,3,,Participación % exportaciones dominicanas en exportaciones mundiales de manufacturas,numerica,,Promedio 2006- 2007,0.055,0.082,0.082,0.113,0.144,
3.20,3,,Participación % exportaciones dominicanas en exportaciones mundiales de productos agropecuarios,numerica,,Promedio 2006- 2007,0.097,0.119,0.132,0.149,0.166,
3.21,3,,Exportaciones per cápita,numerica,2009,,1070.0,2680.9,4023.2,5365.6,6708.0,
3.22,3,,Razón exportaciones de bienes y servicios sobre importaciones de bienes y servicios,umbral,,2005- 2010,0.75,0.85,1.0,>=1.0,>=1.0,
3.23,3,,Flujo anual de inversión extranjera directa,umbral,2010,,1625.3,>1700,>2000,>2250,>2500,
3.24,3,,Crédito a la producción como % del PIB,numerica,,Promedio 2005- 2010,2.24,8.0,16.0,25.0,30.0,
3.25,3,,Presión tributaria (ingresos tributarios como % del PIB),numerica,2010,,13.0,16.0,19.0,21.5,24.0,
3.26,3,,Ingreso Nacional Bruto per cápita basado en método Atlas (mínimo deseable en dólares corrientes internacionales),numerica,2008,,4460.0,6351.8,7753.0,10103.5,12454.0,
3.27,3,,Índice de recuperación de efectivo en el sector eléctrico (monto real de cobranzas con relación al máximo que se podría cobrar si no existieran pérdidas de ningún tipo en el mismo período),numerica,2008,,64.0,75.1,83.0,85.0,87.0,
3.28,3,,Pérdidas en el sector eléctrico,numerica,2008,,38.9,20.0,9.0,8.5,7.0,
3.29,3,,Niveles de cobranza en el sector eléctrico (cobro por facturación / monto facturado),numerica,2008,,94.2,95.3,96.0,97.0,98.0,
3.30,3,,Monto de subsidios del Gobierno,numerica,2008,,530.0,261.7,70.0,62.5,55.0,
4.1,4,,Emisiones de dióxido de carbono,numerica,2010,,3.6,3.4,3.2,3.0,2.8,
4.2,4,,Áreas protegidas nacionales,numerica,2009,,24.4,24.4,24.4,24.4,24.4,
4.3,4,,Tasa de deforestación anual promedio,numerica,2005,,0.1,-0.1,-0.2,-0.2,-0.2,
4.4,4,,Eficiencia en el uso de agua en sistemas y redes de distribución de agua y su aplicación final en sistema de riego,numerica,2010,,28.0,36.5,45.0,45.0,45.0,
